<?xml version="1.0" encoding="UTF-8"?>
<beans xmlns="http://www.springframework.org/schema/beans"
xmlns:xsi="http://www.w3.org/2001/XMLSchema-instance"
xmlns:context="http://www.springframework.org/schema/context"
xmlns:tx="http://www.springframework.org/schema/tx"
xmlns:mvc="http://www.springframework.org/schema/mvc"
xsi:schemaLocation="http://www.springframework.org/schema/beans
http://www.springframework.org/schema/beans/spring-beans.xsd
http://www.springframework.org/schema/context
http://www.springframework.org/schema/context/spring-context.xsd
http://www.springframework.org/schema/tx 
http://www.springframework.org/schema/tx/spring-tx-4.0.xsd
http://www.springframework.org/schema/mvc
http://www.springframework.org/schema/mvc/spring-mvc.xsd">
	<mvc:annotation-driven/>
	<context:component-scan base-package="com.lti"/>
	<bean id="viewResolver" class="org.springframework.web.servlet.view.InternalResourceViewResolver">
		<property name="prefix" value="WEB-INF/pages/"/>
		<property name="suffix" value=".jsp"/>
	</bean>
	
	<!-- <bean id="template" class="org.springframework.jdbc.core.JdbcTemplate" scope="singleton">
		<property name="dataSource" ref="dataSource"/>
	</bean> -->
	<bean id="dataSource" class="org.springframework.jdbc.datasource.DriverManagerDataSource" scope="singleton">
		<property name="driverClassName" value="oracle.jdbc.driver.OracleDriver"/>
		<property name="url" value="jdbc:oracle:thin:@localhost:1521:XE"/>
		<property name="username" value="dr"/>
		<property name="password" value="dr"/>
	</bean>
	
	<bean id="emf" class="org.springframework.orm.jpa.LocalContainerEntityManagerFactoryBean">
		<property name="dataSource" ref="dataSource"/>
		<property name="packagesToScan" value="com.lti.model"/>
		<property name="persistenceProviderClass" value="org.hibernate.jpa.HibernatePersistenceProvider"/>
	</bean>
	<bean id="transactionManager" class="org.springframework.orm.jpa.JpaTransactionManager">
		<property name="entityManagerFactory" ref="emf"/>
	</bean>
	<tx:annotation-driven transaction-manager="transactionManager"/>
	  <mvc:resources mapping="/**" location="/"  
	cache-period="31556926"/>
</beans>